#STIG ID,Legacy Group ID,Legacy Rule ID,Old Rule ID,New Group ID,New Rule ID
CISC-ND-000010,V-96189,SV-105327,SV-105327r1_rule,V-215807,SV-215807r531083_rule
CISC-ND-000090,V-96197,SV-105335,SV-105335r1_rule,V-215808,SV-215808r531083_rule
CISC-ND-000100,V-96199,SV-105337,SV-105337r1_rule,V-215809,SV-215809r531083_rule
CISC-ND-000110,V-96201,SV-105339,SV-105339r1_rule,V-215810,SV-215810r531083_rule
CISC-ND-000120,V-96203,SV-105341,SV-105341r1_rule,V-215811,SV-215811r531083_rule
CISC-ND-000140,V-96205,SV-105343,SV-105343r1_rule,V-215812,SV-215812r539421_rule
CISC-ND-000150,V-96207,SV-105345,SV-105345r1_rule,V-215813,SV-215813r531083_rule
CISC-ND-000160,V-96209,SV-105347,SV-105347r1_rule,V-215814,SV-215814r531083_rule
CISC-ND-000210,V-96217,SV-105355,SV-105355r1_rule,V-215815,SV-215815r531083_rule
CISC-ND-000250,V-96221,SV-105359,SV-105359r1_rule,V-215816,SV-215816r531083_rule
CISC-ND-000280,V-96223,SV-105361,SV-105361r1_rule,V-215817,SV-215817r531083_rule
CISC-ND-000290,V-96225,SV-105363,SV-105363r1_rule,V-215818,SV-215818r531083_rule
CISC-ND-000330,V-96227,SV-105365,SV-105365r1_rule,V-215819,SV-215819r531083_rule
CISC-ND-000380,V-96231,SV-105369,SV-105369r1_rule,V-215820,SV-215820r531083_rule
CISC-ND-000390,V-96233,SV-105371,SV-105371r1_rule,V-215821,SV-215821r531083_rule
CISC-ND-000460,V-96237,SV-105375,SV-105375r1_rule,V-215822,SV-215822r531083_rule
CISC-ND-000470,V-96239,SV-105377,SV-105377r1_rule,V-215823,SV-215823r531083_rule
CISC-ND-000490,V-96243,SV-105381,SV-105381r2_rule,V-215824,SV-215824r531083_rule
CISC-ND-000530,V-96249,SV-105387,SV-105387r1_rule,V-215825,SV-215825r531083_rule
CISC-ND-000550,V-96253,SV-105391,SV-105391r1_rule,V-215826,SV-215826r531083_rule
CISC-ND-000570,V-96255,SV-105393,SV-105393r1_rule,V-215827,SV-215827r531083_rule
CISC-ND-000580,V-96257,SV-105395,SV-105395r1_rule,V-215828,SV-215828r531083_rule
CISC-ND-000590,V-96259,SV-105397,SV-105397r1_rule,V-215829,SV-215829r531083_rule
CISC-ND-000600,V-96261,SV-105399,SV-105399r1_rule,V-215830,SV-215830r531083_rule
CISC-ND-000610,V-96263,SV-105401,SV-105401r1_rule,V-215831,SV-215831r531083_rule
CISC-ND-000620,V-96265,SV-105403,SV-105403r1_rule,V-215832,SV-215832r531083_rule
CISC-ND-000720,V-96271,SV-105409,SV-105409r1_rule,V-215833,SV-215833r531083_rule
CISC-ND-000880,V-96285,SV-105423,SV-105423r1_rule,V-215834,SV-215834r531083_rule
CISC-ND-000940,V-96291,SV-105429,SV-105429r1_rule,V-215835,SV-215835r531083_rule
CISC-ND-000980,V-96297,SV-105435,SV-105435r1_rule,V-215836,SV-215836r531083_rule
CISC-ND-001000,V-96301,SV-105439,SV-105439r1_rule,V-215837,SV-215837r531083_rule
CISC-ND-001030,V-96303,SV-105441,SV-105441r1_rule,V-215838,SV-215838r531083_rule
CISC-ND-001040,V-96305,SV-105443,SV-105443r1_rule,V-215839,SV-215839r531083_rule
CISC-ND-001050,V-96307,SV-105445,SV-105445r1_rule,V-215840,SV-215840r531083_rule
CISC-ND-001130,V-96317,SV-105455,SV-105455r1_rule,V-215841,SV-215841r531083_rule
CISC-ND-001140,V-96319,SV-105457,SV-105457r1_rule,V-215842,SV-215842r531083_rule
CISC-ND-001150,V-96321,SV-105459,SV-105459r1_rule,V-215843,SV-215843r531083_rule
CISC-ND-001200,V-96327,SV-105465,SV-105465r1_rule,V-215844,SV-215844r531083_rule
CISC-ND-001210,V-96329,SV-105467,SV-105467r1_rule,V-215845,SV-215845r531083_rule
CISC-ND-001220,V-96331,SV-105469,SV-105469r1_rule,V-215846,SV-215846r531083_rule
CISC-ND-001240,V-96333,SV-105471,SV-105471r1_rule,V-215847,SV-215847r531083_rule
CISC-ND-001250,V-96335,SV-105473,SV-105473r1_rule,V-215848,SV-215848r531083_rule
CISC-ND-001260,V-96337,SV-105475,SV-105475r1_rule,V-215849,SV-215849r531083_rule
CISC-ND-001270,V-96339,SV-105477,SV-105477r1_rule,V-215850,SV-215850r531083_rule
CISC-ND-001290,V-96343,SV-105481,SV-105481r1_rule,V-215852,SV-215852r531083_rule
CISC-ND-001310,V-96345,SV-105483,SV-105483r1_rule,V-215853,SV-215853r531083_rule
CISC-ND-001370,V-96351,SV-105489,SV-105489r1_rule,V-215854,SV-215854r531083_rule
CISC-ND-001410,V-96359,SV-105497,SV-105497r2_rule,V-215855,SV-215855r531083_rule
CISC-ND-001440,V-96363,SV-105501,SV-105501r2_rule,V-215856,SV-215856r531083_rule
CISC-ND-001450,V-96365,SV-105503,SV-105503r3_rule,V-220139,SV-220139r531083_rule
CISC-ND-001470,V-96369,SV-105507,SV-105507r2_rule,V-220140,SV-220140r531083_rule
